{"packFileHash":{"type":"sha256","value":"be1e404f417d893f897dccc2ef6b6a12e5bc2397a49f072b4f53f0204001133d"},"indexFileHash":{"type":"sha256","value":"ed5f8c9b27ed409bdf9c1b8d59df9dcd9540c9a5e32b7cf98142bcaa1f45ec34"},"cachedFiles":{"config/fancymenu/customization/main_menu.txt":{"hash":{"type":"sha256","value":"8bc3edd46c361b1133a06b5d956a68720daa51b9f888d06ee550d3a437f803a6"},"cachedLocation":"config/fancymenu/customization/main_menu.txt","optionValue":true},"mods/seedguard.pw.toml":{"optionValue":true,"onlyOtherSide":true},"config/fancymenu/legacy_checklist.txt":{"hash":{"type":"sha256","value":"9a25d3dc708e43eabafce5479a13c02dae15bc7f673afb2745b8b2ba48a97dc0"},"cachedLocation":"config/fancymenu/legacy_checklist.txt","optionValue":true},"mods/modmenu.pw.toml":{"hash":{"type":"sha256","value":"4cd171d3f5f3e1d2948cb1b0062e742a5e85110c9e9a668f9aed5b0cebcb9c97"},"linkedFileHash":{"type":"sha1","value":"099c68feeb74887cbbbd8ce9a27c6123804a2c5a"},"cachedLocation":"mods/modmenu-7.2.2.jar","optionValue":true},"mods/flan.pw.toml":{"optionValue":true,"onlyOtherSide":true},"mods/nvidium.pw.toml":{"isOptional":true,"optionValue":false},"mods/fabric-api.pw.toml":{"hash":{"type":"sha256","value":"86698b1faa9bf449eab492509239372302311092104be467108d7e05127e91f1"},"linkedFileHash":{"type":"sha1","value":"625ee015ee426d9b677382a7bb661383d89c0807"},"cachedLocation":"mods/fabric-api-0.92.2+1.20.1.jar","optionValue":true},"mods/rcc-discord.pw.toml":{"optionValue":true,"onlyOtherSide":true},"mods/trinkets.pw.toml":{"hash":{"type":"sha256","value":"07619668821f2aad9dbd40084ad80f25595d8715a9ef204a4a9629225729a7d9"},"linkedFileHash":{"type":"sha1","value":"d58cc8759587f03f320f188972ca66baa788d008"},"cachedLocation":"mods/trinkets-3.7.2.jar","optionValue":true},"config/fancymenu/options.txt":{"hash":{"type":"sha256","value":"8fd55de31d9cf55d2035efa3df6c9b0e8e122ef76727d9d8405278ff7f4eb983"},"cachedLocation":"config/fancymenu/options.txt","optionValue":true},"mods/fabric-permissions-api.pw.toml":{"optionValue":true,"onlyOtherSide":true},"mods/essential-commands.pw.toml":{"optionValue":true,"onlyOtherSide":true},"mods/konkrete.pw.toml":{"hash":{"type":"sha256","value":"b0487d5437a636e61b353c70699994de1fd1aca903853d9366860cbbcfca5fd2"},"linkedFileHash":{"type":"sha1","value":"38d3201d95a08bdeb12a8cd3687c6d0b8f5e7f3d"},"cachedLocation":"mods/konkrete_fabric_1.8.1_MC_1.20.1.jar","optionValue":true},"mods/chunky.pw.toml":{"optionValue":true,"onlyOtherSide":true},"mods/oldsodium.pw.toml":{"isOptional":true,"optionValue":false},"mods/lithium.pw.toml":{"hash":{"type":"sha256","value":"c239c951796882b9c93e649a0dba4f2d95804441faaed707b686381b7a5c67da"},"linkedFileHash":{"type":"sha1","value":"8f4642147e60827f728badac7a819d1a9f3b25d5"},"cachedLocation":"mods/lithium-fabric-mc1.20.1-0.11.2.jar","optionValue":true},"mods/cc-prometheus.pw.toml":{"optionValue":true,"onlyOtherSide":true},"mods/sodium.pw.toml":{"hash":{"type":"sha256","value":"b57edd172ff07774db11b4203dc9fe86aeae7c40e79048be4d79f78798c72e5d"},"linkedFileHash":{"type":"sha512","value":"628129702e830fe88d79f0b87ef0591b708fb39045ce3d985703d6a3a78c30c9beb518df8e70151e55ca6c82d9274fea904c016f60085d889a4f7ac431cccd9e"},"cachedLocation":"mods/sodium-fabric-0.5.11+mc1.20.1.jar","isOptional":true,"optionValue":true},"mods/skiesannouncements.pw.toml":{"optionValue":true,"onlyOtherSide":true},"config/fancymenu/assets/rcc-512x512.icns":{"hash":{"type":"sha256","value":"565b613a1958c9e21e2629b640ee2d98cbc901ff9ab2c8695da3906c4c2ba8fa"},"cachedLocation":"config/fancymenu/assets/rcc-512x512.icns","optionValue":true},"resourcepacks/Jummits.CC.Textures.v1.3.0.zip":{"hash":{"type":"sha256","value":"72fd9d1d9e2563cfbf790215fc20cfc54fc63af0b40beba29f1f86909a8f129c"},"cachedLocation":"resourcepacks/Jummits.CC.Textures.v1.3.0.zip","optionValue":true},"mods/luckperms.pw.toml":{"optionValue":true,"onlyOtherSide":true},"mods/rcc-pronouns.pw.toml":{"optionValue":true,"onlyOtherSide":true},"config/fancymenu/user_variables.db":{"hash":{"type":"sha256","value":"730d952cfebc3ff430da39788af9a409a46697995325a0609347fecf80fba60d"},"cachedLocation":"config/fancymenu/user_variables.db","optionValue":true},"resourcepacks/solars-light-armor.pw.toml":{"hash":{"type":"sha256","value":"f6675607eeee22c1e1187fe9b1281db07d409ae3a34e903d75a1f3b5d7bbd1ad"},"linkedFileHash":{"type":"sha1","value":"ab423ea6013a6cf48a592411aa6e0e5be22e28fa"},"cachedLocation":"resourcepacks/Solars-Light-Armor-v1.1.zip","optionValue":true},"mods/placeholderapi.pw.toml":{"optionValue":true,"onlyOtherSide":true},"config/fancymenu/layout_editor/widgets/element_layer_control.lewidget":{"hash":{"type":"sha256","value":"d4e66bc22fcfa56158ca7100017623c71b1437fb4722229b6e064e0a48a5f5de"},"cachedLocation":"config/fancymenu/layout_editor/widgets/element_layer_control.lewidget","optionValue":true},"mods/dynmapforge.pw.toml":{"optionValue":true,"onlyOtherSide":true},"config/fancymenu/assets/rcc-32x32.png":{"hash":{"type":"sha256","value":"fc0a4b93574a2a6b4041424cac41ba1cecbb548366ca9ffab055be77dc48ffe2"},"cachedLocation":"config/fancymenu/assets/rcc-32x32.png","optionValue":true},"mods/kits.pw.toml":{"optionValue":true,"onlyOtherSide":true},"mods/no-chat-reports.pw.toml":{"hash":{"type":"sha256","value":"7ca62a9da5c2ec9f0a8bed5394021c959e90077db16b313be44f4c8736f7fbf5"},"linkedFileHash":{"type":"sha1","value":"b99f23fb76aad5a944400717e6d71aa011c4d7f7"},"cachedLocation":"mods/NoChatReports-FABRIC-1.20.1-v2.2.2.jar","optionValue":true},"mods/fabric-language-kotlin.pw.toml":{"hash":{"type":"sha256","value":"5edd45af7eccd8a626f72fa148a680dc2640c081bdc73971b17652c92b92780b"},"linkedFileHash":{"type":"sha512","value":"a9278c0a32a4906989fff17431ad5cc13fbed95a99a15bb8e10ba427714e28eb4828f779affb4e80731d98ab14f23e4d759ea2090be05a10da908608139e67e7"},"cachedLocation":"mods/fabric-language-kotlin-1.12.3+kotlin.2.0.21.jar","optionValue":true},"mods/sc-goodies.pw.toml":{"hash":{"type":"sha256","value":"2d1f826c14a41def68a946432fd898595e0fa0c6a4802665ab76e15ddb65af75"},"linkedFileHash":{"type":"sha256","value":"da552474eebc427d8d25d1076d6f00801e071ee9f71366c50e2e26f301000d01"},"cachedLocation":"mods/sc-goodies.jar","optionValue":true},"mods/cc-tweaked.pw.toml":{"hash":{"type":"sha256","value":"61fe0368e62d8926d1c7429532f74d22afc3e7044bee9385452095bd492976ef"},"linkedFileHash":{"type":"sha512","value":"c4ebea128203b72f7075bd3403effd7cb0caff99b39bf102c78308a112044d37f22f566a354d5190e1469b873416b07d6afb175379836c917a46242c8a7b33b2"},"cachedLocation":"mods/cc-tweaked-1.20.1-fabric-1.114.2.jar","optionValue":true},"mods/sc-peripherals.pw.toml":{"hash":{"type":"sha256","value":"083de3314460c28b86e3a90430b43b6612f6fff7deb8fe9f024260d94f398bb6"},"linkedFileHash":{"type":"sha256","value":"5c338c1b1755de9ab6a5d6c992650d2f4f80e13d17d534ca6162d60649bc7763"},"cachedLocation":"mods/sc-peripherals.jar","optionValue":true},"mods/owo-lib.pw.toml":{"hash":{"type":"sha256","value":"28b3e0806647eb166e942cf6552993bb6d666949c53f0d51927bdfb063cb6cc4"},"linkedFileHash":{"type":"sha1","value":"be88938ca5df78271e64bc9f85c3575754f33e2a"},"cachedLocation":"mods/owo-lib-0.11.2+1.20.jar","optionValue":true},"mods/spark.pw.toml":{"optionValue":true,"onlyOtherSide":true},"mods/asahi.pw.toml":{"hash":{"type":"sha256","value":"a3b4e961b4570617046afc27d51efe8cbc83071eb06b49d3ac45938716ca727b"},"linkedFileHash":{"type":"sha1","value":"a046a905cb9286e89461373f1118d57cb5eddb47"},"cachedLocation":"mods/asahi-1.1.0+1.20.1.jar","optionValue":true},"mods/worldedit.pw.toml":{"optionValue":true,"onlyOtherSide":true},"mods/fastload.pw.toml":{"hash":{"type":"sha256","value":"fd28ed613c3f019627d305097f18c6be85b76fc96d2d719cd8d9f5b9420ca9eb"},"linkedFileHash":{"type":"sha512","value":"024e9aa775037fe8727ac8aca55f68d2f6782dd87d099446f967ebbeb6eab73f0f0580eca100cb565f70bab02abce03239af0fca17248ceef2c05caa1cfcdd1e"},"cachedLocation":"mods/Fastload+1.18.2-1.20-3.4.0.jar","optionValue":true},"mods/fabricproxy-lite.pw.toml":{"optionValue":true,"onlyOtherSide":true},"mods/iris.pw.toml":{"hash":{"type":"sha256","value":"fb4e650e35ee51774fcfa672741afe787995ed73ef35efdfe8bf2f9c9d0ba999"},"linkedFileHash":{"type":"sha512","value":"6bc2ab52aae576062d1f4673ee7b92a7fdc64717a8aa13e76cea574623badfef692037bfc6ef6e979e716d52cf15cf24c90694baf69a584f44e1b121550292a3"},"isOptional":true,"optionValue":false},"mods/styled-chat.pw.toml":{"optionValue":true,"onlyOtherSide":true},"config/fancymenu/ui_themes/light.json":{"hash":{"type":"sha256","value":"6954379d658fdf496f162792a3244f0f08635858ed4b0553a718a7ef63b8a620"},"cachedLocation":"config/fancymenu/ui_themes/light.json","optionValue":true},"mods/tab.pw.toml":{"optionValue":true,"onlyOtherSide":true},"mods/crossstitch.pw.toml":{"isOptional":true,"optionValue":false,"onlyOtherSide":true},"mods/rcc-protection.pw.toml":{"optionValue":true,"onlyOtherSide":true},"mods/plethora-fabric.pw.toml":{"hash":{"type":"sha256","value":"5806d11949a3817477063f2594364f32f1f9890d70f5972b6c6f6970fc3e5955"},"linkedFileHash":{"type":"sha256","value":"3e26a3a1d6e601641aba5e9d8f45469a430d2525d56084ab503ec89aa7202647"},"cachedLocation":"mods/plethora.jar","optionValue":true},"config/fancymenu/customizablemenus.txt":{"hash":{"type":"sha256","value":"6f839fad9a09709e9c2d1b269218da6a515ea31495575de5bdbc901147740327"},"cachedLocation":"config/fancymenu/customizablemenus.txt","optionValue":true},"mods/bobby.pw.toml":{"isOptional":true,"optionValue":false},"mods/no-telemetry.pw.toml":{"hash":{"type":"sha256","value":"c3190dcd456e0e009b62c5a54ad7fdf27f0311f4912b2d7d1c4a43ab264648ab"},"linkedFileHash":{"type":"sha1","value":"238b8ebc95100368951e0ff5ef2b16a1406e32f2"},"cachedLocation":"mods/no-telemetry-1.8.0.jar","optionValue":true},"mods/rei.pw.toml":{"hash":{"type":"sha256","value":"657ff0025d408f1021309ce5c759821d1f48e397811cc0da6f0b0400827896fa"},"linkedFileHash":{"type":"sha512","value":"1eaf6de6ba640407599767d150aa0c7dd71ad071915bf34d9a06fa8a0a3825882cd0fa966d3f225912f5fb456be38fe58021db9df988f65d667bea102a861a15"},"cachedLocation":"mods/RoughlyEnoughItems-12.1.785-fabric.jar","optionValue":true},"mods/architectury-api.pw.toml":{"hash":{"type":"sha256","value":"0cbcd58c49decc0ecbccd330fcc8326e3b8769e22e1740e229f09541acf3df7f"},"linkedFileHash":{"type":"sha1","value":"4fa65e32dbf63a871a30fe8ec6fbff9a4b8d007d"},"cachedLocation":"mods/architectury-9.2.14-fabric.jar","optionValue":true},"mods/commandaliases.pw.toml":{"optionValue":true,"onlyOtherSide":true},"mods/melody.pw.toml":{"hash":{"type":"sha256","value":"e1268d8b92c7a8b58dd205b613dedfc860af686190b15d531fe2552af449485f"},"linkedFileHash":{"type":"sha1","value":"15eeff0c0fd8b4734492915c656077592b2d9e67"},"cachedLocation":"mods/melody_fabric_1.0.4_MC_1.20.1-1.20.4.jar","optionValue":true},"config/fancymenu/assets/rcc-16x16.png":{"hash":{"type":"sha256","value":"2061f3b53bcb3ba3ff7d1a655953c7a2bf963f7ce80e81ded3cac9544718c680"},"cachedLocation":"config/fancymenu/assets/rcc-16x16.png","optionValue":true},"config/fancymenu/ui_themes/dark.json":{"hash":{"type":"sha256","value":"43ac9bee88f1a4c9b66fee0d4b6fcec14a52feab46bf803928aabed96f510cc9"},"cachedLocation":"config/fancymenu/ui_themes/dark.json","optionValue":true},"mods/rcc-server.pw.toml":{"optionValue":true,"onlyOtherSide":true},"mods/luckperms-placeholderapi.pw.toml":{"optionValue":true,"onlyOtherSide":true},"mods/cloth-config.pw.toml":{"hash":{"type":"sha256","value":"41a3dc271859b118417946d2fdb2408523563b2f4f49048073672a342fb1aebf"},"linkedFileHash":{"type":"sha512","value":"2da85c071c854223cc30c8e46794391b77e53f28ecdbbde59dc83b3dbbdfc74be9e68da9ed464e7f98b4361033899ba4f681ebff1f35edc2c60e599a59796f1c"},"cachedLocation":"mods/cloth-config-11.1.136-fabric.jar","optionValue":true},"mods/tooltipfix.pw.toml":{"hash":{"type":"sha256","value":"fe592547ec2aedf1de7add34f747f7845e103de228e2426328e9e60fe93298cc"},"linkedFileHash":{"type":"sha1","value":"de704792c691e3d19316c87c21c9ad2bee6c66c3"},"cachedLocation":"mods/tooltipfix-1.1.1-1.20.jar","optionValue":true},"config/fancymenu/assets/rcc-wide-transparent.png":{"hash":{"type":"sha256","value":"db5016c0d681d4dbf797c55aad3d309d91cd2a0ab47a1beb8250936888e231e4"},"cachedLocation":"config/fancymenu/assets/rcc-wide-transparent.png","optionValue":true},"mods/vanilla-permissions.pw.toml":{"optionValue":true,"onlyOtherSide":true},"config/fancymenu/assets/rcc-512x512.png":{"hash":{"type":"sha256","value":"cd6efccf4c68463d5a05795ec02f91338f7b6997fc24e737eacc84d7f3403f1c"},"cachedLocation":"config/fancymenu/assets/rcc-512x512.png","optionValue":true},"mods/roughly-enough-items.pw.toml":{"hash":{"type":"sha256","value":"47ce46edbf2d6f90a938c755753dd63a2034e33a31092f1cb9e585e61f04ae2c"},"linkedFileHash":{"type":"sha1","value":"2423e7bbc26384e0f927ab81b513787b2d06b52e"},"cachedLocation":"mods/RoughlyEnoughItems-12.1.785-fabric.jar","optionValue":true},"mods/indium.pw.toml":{"isOptional":true,"optionValue":false},"mods/ledger.pw.toml":{"optionValue":true,"onlyOtherSide":true},"config/fancymenu/custom_gui_screens.txt":{"hash":{"type":"sha256","value":"3196a182a2511f55b5e70478924ae670296a3c6ea3ec0dd75a0fdec180e658ae"},"cachedLocation":"config/fancymenu/custom_gui_screens.txt","optionValue":true},"mods/fancymenu.pw.toml":{"hash":{"type":"sha256","value":"99c856c75baa4e3240d7cf30eb8e4c3410eedcc376fb4657b0cf140008fd9e5d"},"linkedFileHash":{"type":"sha512","value":"9d0ec1f9498a26d66712dd8fb3f58bd70aca4eccd4e4885b09d9fe1472c8ffcd8203afbe5510738eabefe593622815543e6a818d22b23174050123582e650fa2"},"cachedLocation":"mods/fancymenu_fabric_3.3.2_MC_1.20.1.jar","optionValue":true},"mods/notenoughcrashes.pw.toml":{"hash":{"type":"sha256","value":"95512ed1baa3ede3af0b614006ea4416804f60ecc2bb7fb07cd379c96946c485"},"linkedFileHash":{"type":"sha1","value":"9d5e88670b1448dacf841a22a2b9026c153424f7"},"cachedLocation":"mods/notenoughcrashes-4.4.7+1.20.1-fabric.jar","optionValue":true},"mods/fastrtp.pw.toml":{"optionValue":true,"onlyOtherSide":true},"mods/convenient-mobgriefing.pw.toml":{"optionValue":true,"onlyOtherSide":true},"mods/gotta-go-fast-fabric.pw.toml":{"optionValue":true,"onlyOtherSide":true},"mods/cerberus.pw.toml":{"hash":{"type":"sha256","value":"381728b83dd260cfcf7338630c9f7701a2f8d8fd99c30e33983e26c4f644f25d"},"linkedFileHash":{"type":"sha256","value":"53919ea97fa9767000c20a2ab85432d3d7538f0ab7a412593ed7641a1ffa148f"},"cachedLocation":"mods/cerberus-11144.jar","optionValue":true},"mods/chat-heads.pw.toml":{"hash":{"type":"sha256","value":"732bc85d460b6399677e5b768318a0d6cc02822b9d005015ec4e16d9730e260a"},"linkedFileHash":{"type":"sha512","value":"7599760e99c7e7e987377d78c5b866640dc44cc0ddceaa62fcd34b171ec7a351f704eed608040929bbae8f3af6f612b944ca4b0be4a7bb58544b6463e38f857d"},"cachedLocation":"mods/chat_heads-0.13.7-fabric-1.20.jar","optionValue":true},"mods/timeoutout.pw.toml":{"optionValue":true,"onlyOtherSide":true},"mods/rcc-client.pw.toml":{"hash":{"type":"sha256","value":"e2f83648f83ac5fc0936799acf9b983b84a9ee04ba4ca97297ede72eb1ab9a4f"},"linkedFileHash":{"type":"sha256","value":"7566594c9c26c8ee7debc1729a021642d47f791204e4054458d59ca7fe344f86"},"cachedLocation":"mods/rcc-client.jar","optionValue":true},"mods/server-chat-heads.pw.toml":{"hash":{"type":"sha256","value":"a00556521d7e5c8477d5b57ba3319f96dd8beba53d91f5097e7fceb415bb4101"},"linkedFileHash":{"type":"sha512","value":"8a6faf98d0f33fc62ac67d42b6e4e9384fc6ece700182d0a96274d1e527dccfb8f29bdfb5a372431676150d69bb04edb8db09f14a9643b150e1082e4eb6ff1b0"},"optionValue":true,"onlyOtherSide":true},"mods/invview.pw.toml":{"optionValue":true,"onlyOtherSide":true},"mods/spyglass-astronomy.pw.toml":{"isOptional":true,"optionValue":false},"config/NoChatReports/NCR-Client.json":{"hash":{"type":"sha256","value":"f1dfc2df130910eab2eaa739687424a6ede5c8e7b03708338b8127e01665eba3"},"cachedLocation":"config/NoChatReports/NCR-Client.json","optionValue":true},"config/fancymenu/dragger_metas.json":{"hash":{"type":"sha256","value":"e3b0c44298fc1c149afbf4c8996fb92427ae41e4649b934ca495991b7852b855"},"cachedLocation":"config/fancymenu/dragger_metas.json","optionValue":true},"config/fancymenu/customization/rcc_proxyselector.txt":{"hash":{"type":"sha256","value":"11d4c5001e7147a60681b5f581a1364ef071fbd4cb05b157393061005675e3f0"},"cachedLocation":"config/fancymenu/customization/rcc_proxyselector.txt","optionValue":true},"mods/lmft.pw.toml":{"optionValue":true,"onlyOtherSide":true},"mods/rcc-library.pw.toml":{"optionValue":true,"onlyOtherSide":true},"mods/rcc-essentials.pw.toml":{"optionValue":true,"onlyOtherSide":true},"mods/rcc-webapi.pw.toml":{"optionValue":true,"onlyOtherSide":true},"mods/figura.pw.toml":{"hash":{"type":"sha256","value":"4d3de174f8914ab199931bb4217ea32370046fc2463c8c84b6cbdf4b710a744c"},"linkedFileHash":{"type":"sha512","value":"33d1678ee971b0a7be36f705e70028d717412f23eae9f11bdae4f92913c475b4c3551fd4f47339a3751767bced161b575d38384fead352e00d91d84564cff5f5"},"cachedLocation":"mods/figura-0.1.4+1.20.1-fabric-mc.jar","optionValue":true}},"cachedSide":"client"}