{"cachedFiles":{"mods/figura.pw.toml":{"hash":{"type":"sha256","value":"75ffe202cd8947bbbb748a46bcd9d1cfb55d34a2fc95909b3001ac8433625fb7"},"linkedFileHash":{"type":"sha1","value":"260b9cae1dc1087d3007e644e2b43f4d2634914d"},"cachedLocation":"mods/figura-0.1.4+1.20.1-fabric-mc.jar","optionValue":true},"mods/modmenu.pw.toml":{"hash":{"type":"sha256","value":"4cd171d3f5f3e1d2948cb1b0062e742a5e85110c9e9a668f9aed5b0cebcb9c97"},"linkedFileHash":{"type":"sha1","value":"099c68feeb74887cbbbd8ce9a27c6123804a2c5a"},"cachedLocation":"mods/modmenu-7.2.2.jar","optionValue":true},"mods/tab.pw.toml":{"optionValue":true,"onlyOtherSide":true},"mods/fabric-api.pw.toml":{"hash":{"type":"sha256","value":"86698b1faa9bf449eab492509239372302311092104be467108d7e05127e91f1"},"linkedFileHash":{"type":"sha1","value":"625ee015ee426d9b677382a7bb661383d89c0807"},"cachedLocation":"mods/fabric-api-0.92.2+1.20.1.jar","optionValue":true},"mods/trinkets.pw.toml":{"hash":{"type":"sha256","value":"07619668821f2aad9dbd40084ad80f25595d8715a9ef204a4a9629225729a7d9"},"linkedFileHash":{"type":"sha1","value":"d58cc8759587f03f320f188972ca66baa788d008"},"cachedLocation":"mods/trinkets-3.7.2.jar","optionValue":true},"mods/plethora-fabric.pw.toml":{"hash":{"type":"sha256","value":"f2a83090e4b027a98f08e1d7bc0ab21cd099a82f86f17311e44f11fab5a3d7e1"},"linkedFileHash":{"type":"sha256","value":"c8fd9516d39b00f10128f84ef859e7c36cd0b69760f2410c14fd083fb44bd6aa"},"cachedLocation":"mods/plethora.jar","optionValue":true},"mods/konkrete.pw.toml":{"hash":{"type":"sha256","value":"b0487d5437a636e61b353c70699994de1fd1aca903853d9366860cbbcfca5fd2"},"linkedFileHash":{"type":"sha1","value":"38d3201d95a08bdeb12a8cd3687c6d0b8f5e7f3d"},"cachedLocation":"mods/konkrete_fabric_1.8.1_MC_1.20.1.jar","optionValue":true},"mods/chunky.pw.toml":{"hash":{"type":"sha256","value":"6211df918f9c91638c0e6e56361192afcd60d336b95687e4766540f9d2b6f118"},"linkedFileHash":{"type":"sha1","value":"b5672d69dc2b210ab2165a27afc03a424fa2b46a"},"cachedLocation":"mods/Chunky-1.3.146.jar","optionValue":true},"mods/lithium.pw.toml":{"hash":{"type":"sha256","value":"c239c951796882b9c93e649a0dba4f2d95804441faaed707b686381b7a5c67da"},"linkedFileHash":{"type":"sha1","value":"8f4642147e60827f728badac7a819d1a9f3b25d5"},"cachedLocation":"mods/lithium-fabric-mc1.20.1-0.11.2.jar","optionValue":true},"files/plethora.jar":{"hash":{"type":"sha256","value":"c8fd9516d39b00f10128f84ef859e7c36cd0b69760f2410c14fd083fb44bd6aa"},"cachedLocation":"files/plethora.jar","optionValue":true},"mods/architectury-api.pw.toml":{"hash":{"type":"sha256","value":"13cb21e09b9d0d6622359f24f0bfed0e4123fcbaf7e65a1eb7e5396c47a56349"},"linkedFileHash":{"type":"sha1","value":"4fa65e32dbf63a871a30fe8ec6fbff9a4b8d007d"},"cachedLocation":"mods/architectury-9.2.14-fabric.jar","optionValue":true},"files/sc-peripherals.jar":{"hash":{"type":"sha256","value":"5c338c1b1755de9ab6a5d6c992650d2f4f80e13d17d534ca6162d60649bc7763"},"cachedLocation":"files/sc-peripherals.jar","optionValue":true},"files/sc-goodies.jar":{"hash":{"type":"sha256","value":"da552474eebc427d8d25d1076d6f00801e071ee9f71366c50e2e26f301000d01"},"cachedLocation":"files/sc-goodies.jar","optionValue":true},"mods/melody.pw.toml":{"hash":{"type":"sha256","value":"e1268d8b92c7a8b58dd205b613dedfc860af686190b15d531fe2552af449485f"},"linkedFileHash":{"type":"sha1","value":"15eeff0c0fd8b4734492915c656077592b2d9e67"},"cachedLocation":"mods/melody_fabric_1.0.4_MC_1.20.1-1.20.4.jar","optionValue":true},"mods/sessility.pw.toml":{"optionValue":true,"onlyOtherSide":true},"mods/dynmapforge.pw.toml":{"hash":{"type":"sha256","value":"186a6b68ee9f7595602923295dc3896b00f6370938a323c5dd74c939ba95bed7"},"linkedFileHash":{"type":"sha1","value":"604e6965143339c3223d7801eee6d5c3e54a8846"},"cachedLocation":"mods/Dynmap-3.7-beta-6-fabric-1.20.jar","optionValue":true},"mods/fabric-language-kotlin.pw.toml":{"hash":{"type":"sha256","value":"14e87ff6253d2bd02697e46b4a9b5060465d72b71663def5236f829e30bac6d6"},"linkedFileHash":{"type":"sha1","value":"4f5b3f0d773c4cc9e79d2f5ede3a637e78737f6d"},"cachedLocation":"mods/fabric-language-kotlin-1.11.0+kotlin.2.0.0.jar","optionValue":true},"mods/sc-goodies.pw.toml":{"hash":{"type":"sha256","value":"747552e550ca6516408609e5dbaf64777dcabdad5fcf379664330171300099f9"},"linkedFileHash":{"type":"sha256","value":"da552474eebc427d8d25d1076d6f00801e071ee9f71366c50e2e26f301000d01"},"cachedLocation":"mods/sc-goodies.jar","optionValue":true},"mods/cc-tweaked.pw.toml":{"hash":{"type":"sha256","value":"b79cc58d8f59edf82a64eac716b84f11911b2bc63c40529575dbaf67f4896efb"},"linkedFileHash":{"type":"sha1","value":"74af3d15232d46a66cdbeef7bdaed4b544a30b5d"},"cachedLocation":"mods/cc-tweaked-1.20.1-fabric-1.111.0.jar","optionValue":true},"mods/cloth-config.pw.toml":{"hash":{"type":"sha256","value":"403c99e6b3c7f03bfc1ef8f0a23c79d9929eb42658be02bd0911c36b0174cf5b"},"linkedFileHash":{"type":"sha1","value":"f669f899d707b9e9acf1c239b0ae6b2c8be95361"},"cachedLocation":"mods/cloth-config-11.1.118-fabric.jar","optionValue":true},"mods/spark.pw.toml":{"optionValue":true,"onlyOtherSide":true},"mods/tooltipfix.pw.toml":{"hash":{"type":"sha256","value":"fe592547ec2aedf1de7add34f747f7845e103de228e2426328e9e60fe93298cc"},"linkedFileHash":{"type":"sha1","value":"de704792c691e3d19316c87c21c9ad2bee6c66c3"},"cachedLocation":"mods/tooltipfix-1.1.1-1.20.jar","optionValue":true},"mods/fastload.pw.toml":{"hash":{"type":"sha256","value":"0e72ac12907f4fb5a499a459cc2c64f9225a0c77ee59e76c9360ff0d3479aea2"},"linkedFileHash":{"type":"sha1","value":"b57e4d594031638b0dc076a3b6e501f417700577"},"cachedLocation":"mods/Fastload+1.18.2-1.20-3.4.0.jar","optionValue":true},"mods/roughly-enough-items.pw.toml":{"hash":{"type":"sha256","value":"cbcbc6d945636d6a979c209cc50b8319f5136e66e29b657a16e5853b4b29cad0"},"linkedFileHash":{"type":"sha1","value":"b9db999ceb21575e2399c6ecaee1259aa29bf6c5"},"cachedLocation":"mods/RoughlyEnoughItems-12.1.740-fabric.jar","optionValue":true},"mods/fancymenu.pw.toml":{"hash":{"type":"sha256","value":"f08086c797096ec7cea728330085f68f4d7f505938855a9b06f3c4c64a7bf6af"},"linkedFileHash":{"type":"sha1","value":"ac5c44bd127ce01040db73e234ae73fa7ed3fbfb"},"cachedLocation":"mods/fancymenu_fabric_3.2.3_MC_1.20.1.jar","optionValue":true},"mods/notenoughcrashes.pw.toml":{"hash":{"type":"sha256","value":"95512ed1baa3ede3af0b614006ea4416804f60ecc2bb7fb07cd379c96946c485"},"linkedFileHash":{"type":"sha1","value":"9d5e88670b1448dacf841a22a2b9026c153424f7"},"cachedLocation":"mods/notenoughcrashes-4.4.7+1.20.1-fabric.jar","optionValue":true}},"cachedSide":"client"}